player,prefixes,version,source,match,replay,files,lines,note
AbyssHighestExperience,"ahx,thx",AHX-DeliPlayer_2.3d-sp3 (Dec 98),ext/ahx2play,manual,port,12,3994,C port of the AHX 2.3d-sp3 replayer (evidence: port)
ActionAmics,ast,Action Amics SoundTools V0.1 player module V1.1 (05 April 93),,none,,0,0,
ADPCM_mono,adpcm,Adaptative Delta Pulse Code Modulation player module V1.1 (29 Sep 2014),wanted_team/ADPCM_mono,hash,uade,1,1221,
Alcatraz_Packer,alp,Alcatraz Packer player module V1.1 (2 Feb 2008),wanted_team/Alcatraz_Packer,hash,uade,2,3174,
AM-Composer,amc,A.M.Composer 1.2 player module V1.3 (20 Oct 2001),wanted_team/AMComposer,hash,uade,3,2578,
AMOS,abk,Amos Music Bank Player (Dec 2004),uade/ambk,name,uade,1,1863,
Anders_0land,hot,Anders 0land player module V1.0 (1 Nov 2007),wanted_team/Anders0land,hash,uade,2,2208,
Andrew_Parton,bye,Andrew Parton player module V1.1 (30 Apr 2014),wanted_team/Andrew Parton,hash,uade,2,2092,
AProSys,aps,AProSys player module V1.0 (02 Jan 94),,none,,0,0,
ArtAndMagic,aam,Art&Magic player 0.51 (25.6.97) adapted by MORB/CdBS Software,other/artandmagic,name,uade,1,209,
ArtOfNoise-4V,"aon,aon4",Art Of Noise 4 voices replayer (20060410),uade/artofnoise,manual,uade,2,6107,
ArtOfNoise-8V,aon8,Art Of Noise 8 voices replayer 20060410,uade/artofnoise,manual,uade,2,6107,
Ashley_Hogg,ash,Ashley Hogg player module V1.0 (28 Oct 2010),wanted_team/Ashley Hogg,hash,module,2,2331,
AudioSculpture,"adsc,mod_adsc4",AudioSculpture/Startrekker4AM player V0.1.1 (Jul. 2004),uade/adsc,name,uade,1,1260,
BeathovenSynthesizer,bss,Beathoven Synthesizer 1.00-1.20+ player module V1.0 (3 June 2001),,none,,0,0,
BenDaglish,"bd,mth",Benn Daglish player module V1.2 (6 Mar 2004),wanted_team/BennDaglish,hash,check,2,1257,
BenDaglish-SID,BDS,Benn Daglish SID player module V1.1 (11 Mar 2004),wanted_team/BennDaglishSID,hash,module,1,508,
BladePacker,uds,Blade Packer player module V1.1 (13 Nov 2002),wanted_team/BladePacker,hash,check,3,7127,
ChipTracker,kris,ChipTracker player module V1.2 (22 Feb 2007),wanted_team/ChipTracker,hash,uade,2,3147,
Cinemaware,cin,Cinemaware player module V1.0 (24 Apr 2004),wanted_team/Cinemaware,hash,uade,2,4660,
CoreDesign,core,Core Design player module V1.1 (11 Mar 2004),wanted_team/CoreDesign,name,module,1,730,
CustomMade,"cm,rk,rkb",CustomMade player module V1.1 (5 Jan 2004),wanted_team/CustomMade,hash,uade,2,3332,
DariusZendeh,"dz,mkiio",Darius Zendeh (old Mark II SoundSystem) Module Player V1.3.,uade/dz,hash,uade,1,395,
DaveLowe,dl,Dave Lowe player module V1.2 (9 June 2001),wanted_team/DaveLowe,hash,module,2,1095,
DaveLowe_Deli,dl_deli,Dave Lowe DeliPlayer V1.0 (3/9/97) by DARKNESS/SYNERGY,,none,,0,0,
DaveLoweNew,dln,Dave Lowe New player module V1.1 (8 June 2001),wanted_team/DaveLoweNew,hash,uade,3,6317,
DavidHanney,dh,David Hanney player module V1.1 (28 Feb 97),,none,,0,0,
DavidWhittaker,"dw,dwold,oldw",David Whittaker player module V1.0 (11 Nov 2000),,none,,0,0,
DeltaMusic1.3,"dlm1,dm1,dm",DeltaMusic Player 1.30 (13.11.97),,none,,0,0,
DeltaMusic2.0,"dlm2,dm2",Deltamusic V2.0 player module V1.2 (10 May 93),,none,,0,0,
Desire,dsr,Desire player module V1.0 (30 Apr 2002),wanted_team/Desire,hash,module,2,1398,
DIGI-Booster,"db,digi",DIGI Booster 1.x replayer (20060409),,none,,0,0,
DigitalSonixChrome,dsc,Digital Sonix & Chrome player module V1.0 (19 May 2003),wanted_team/DigitalSonixChrome,hash,uade,1,1659,
DigitalSoundStudio,dss,Digital Sound Studio 1.0-3.0 player module V1.2 (15 June 2002),wanted_team/DSS,hash,uade,2,5493,
DirkBialluch,tpu,Dirk Bialluch player module V1.0 (8 Apr 2006),wanted_team/DirkBialluch,hash,uade,2,3287,
DynamicSynthesizer,dns,Dynamic Synthesizer v1.34 player module V1.1 (24 Apr 2001),,none,,0,0,
EarAche,"ea,mg",EarAche 1.05 player module V1.0 (26 Jan 2005),wanted_team/EarAche,hash,uade,2,1752,
EMS,ems,Editeur Musical Sequentiel 1.24 player module V1.0 (5 Dec 2005),wanted_team/EMS,hash,uade,3,2645,
EMS-6,emsv6,,uade/ems,hash,uade,2,5801,
FaceTheMusic,ftm,Face The Music Eagleplayer  V1.7 (Aug/29/93),,none,,0,0,
FashionTracker,ex,Fashion Tracker player module V1.0 (26 June 2004),wanted_team/FashionTracker-v1.0,hash,uade,2,2083,
ForgottenWorlds_Game,fw,Forgotten Worlds module player V1.1  (22 April 98),,none,,0,0,
Fred,fred,Fred player module V0.1 for UADE (21.12.2001),uade/fred,name,uade,1,229,
FredGray,gray,Fred Gray player module V1.0 (6 Jan 2001),,none,,0,0,
FutureComposer-BSI,"bfc,bsi,fc-bsi",FutureComposer BSI player module (Apr. 2002),,none,,0,0,
FutureComposer1.3,"fc13,fc3,smod",FutureComposer 1.0-1.3 Eagleplayer V1.3 (jan/26/93),defect/fc13,name,uade,1,968,
FutureComposer1.4,"fc,fc14,fc4",FutureComposer 1.4 Eagleplayer module V1.3 (Jan/26/93),defect/fc14,manual,uade,1,888,
FuturePlayer,fp,Future Player replayer module V1.0 (14 Oct 2003),wanted_team/FuturePlayer,hash,uade,2,3205,
GlueMon,"glue,gm",GlueMon player module V1.13 (17-Nov-96),other/gluemon,name,uade,1,590,
GMC,gmc,Game Music Creator player module V1.6 (9 May 93),defect/gmc,name,uade,1,878,
HowieDavies,hd,Howie Davies player module V1.0 (2 Apr 2001),,none,,0,0,
ImagesMusicSystem,ims,Images Music System player module V1.2 (18 Nov 2001),wanted_team/ImagesMusicSystem,hash,uade,2,2788,
Infogrames,dum,a player for the famous DeliTracker,uade/infogrames,name,uade,2,2104,
InStereo,"is,ism",Sound Invasion Music System V1.2 player module V1.1 (04 Dec 94),,none,,0,0,
InStereo2.0,is20,InStereo 2.0 player module V1.0 (07 January 94),,none,,0,0,
JamCracker,"jam,jc",JamCracker player module V1.1 (JAN/28/93),defect/jamcracker,name,uade,1,731,
JankoMrsicFlogel,jmf,Janko Mrsic-Flogel player module V1.0 (25 Sep 2001),wanted_team/JankoMrsic-Flogel,hash,module,1,653,
Janne_Salmijarvi_Optimizer,js,Janne Salmijarvi Optimizer player module V1.0 (22 Apr 2014),wanted_team/Janne Salmijarvi Optimizer,hash,uade,2,5110,
JasonBrooke,"jcb,jcbo,jb",Jason C. Brooke player module V1.0 (7 Jan 2000),,none,,0,0,
JasonPage,"jpn,jpnd,jp",Jason Page player module V1.3 (26 June 2001),wanted_team/JasonPage,hash,uade,2,8235,
JeroenTel,"jt,mon_old",Jeroen Tel player module V1.0 (27 Oct 2004),wanted_team/JeroenTel,hash,uade,3,2582,
JesperOlsen,jo,Jesper Olsen player module V1.0 (23 Nov 2007),wanted_team/Jesper_Olsen,hash,module,1,1586,
JesperOlsen_EP,,Jesper Olsen V1.0,,none,,0,0,
Jochen_Hippel_ST,"hst,sdc",Jochen Hippel ST player module V1.3 (13 Dec 2008),wanted_team/Jochen_Hippel_ST,hash,uade,1,2990,
JochenHippel,"hip,mcmd,sog",Jochen Hippel player module V1.0 (17 Jan 2003),wanted_team/JochenHippel,hash,module,1,1247,
JochenHippel-7V,"hip7,s7g",Jochen Hippel 7V player module V1.3 [68020+] (17 May 2014),wanted_team/Jochen_Hippel_7V,hash,uade,2,5778,
JochenHippel-CoSo_UADE,hipc,hipc player module V0.2 for UADE (17.02.2003),uade/hippel-coso,hash,uade,4,2438,
JochenHippel_UADE,,Jochen Hippel player module V0.1 for UADE (22.12.2001),uade/hippel,hash,uade,1,368,
JochenHippelCOSO,soc,Jochen Hippel COSO player module V1.0 (7 Nov 2006),wanted_team/JochenHippelCOSO,hash,uade,2,3521,
Kim_Christensen,kim,Kim Christensen player module V1.0 (14 June 2011),wanted_team/Kim Christensen,hash,uade,2,2066,
KrisHatlelid,kh,Kris Hatlelid player module V1.0 (6 Nov 2001),wanted_team/KrisHatlelid,hash,module,1,1162,
Laxity,"powt,pt",Laxity-Player - Eagleplayer V2.1 (11.08.97),,none,,0,0,
LegglessMusicEditor,lme,Leggless Music Editor player module V1.2 (5 Dec 2008),wanted_team/LME,hash,uade,3,2425,
MagneticFieldsPacker,mfp,Magnetic Fields Packer player module V1.3 (27 May 2003),wanted_team/MagneticFieldsPacker,hash,uade,2,5883,
MajorTom,"hn,mtp2,thn,arp",Major-Tom-Player-Module 1.1 (15.07.1993),,none,,0,0,
ManiacsOfNoise,mon,MON player module V0.1 for UADE (01.01.2002),uade/mon,name,uade,1,258,
Mark_Cooksey,"mc,mcr",Mark Cooksey player module V1.1 (13 Dec 2006),wanted_team/Mark_Cooksey_Don_Adan,hash,module,3,3592,
Mark_Cooksey_Old,mco,,uade/mark_cooksey_old,hash,uade,1,542,
MarkII,"mk2,mkii",Mark II player module V1.2 (24 Okt 93),,none,,0,0,
MartinWalker,"avp,mw",Martin Walker player module V1.1 (20 July 2001),wanted_team/MartinWalker,hash,module,3,2310,
Maximum_Effect,max,Maximum Effect player module V1.0 (22 Feb 2009),wanted_team/Maximum_Effect,hash,uade,2,2718,
MCMD,mcmd_org,MCMD player module V1.0 (15 Feb 93),,none,,0,0,
MED,"med,mmd0,mmd1,mmd2",MED/Octamed 4ch player for UADE (20231009),uade/med,name,uade,10,16374,
Medley,mso,Medley player V0.1 for UADE (26.12.2001),uade/medley,name,uade,1,1265,
MIDI-Loriciel,midi,MIDI - Loriciel player module V1.0 (17 Mar 2008),wanted_team/MIDI-Loriciel,hash,uade,2,2880,
MikeDavies,md,Mike Davies player module V1.0 (30 Sep 2000),,none,,0,0,
MMDC,mmdc,MED Packer player module V1.2 (8 Mar 2003),wanted_team/MMDC,hash,uade,3,3180,
Mosh_Packer,mosh,Mosh Packer player module V1.0 (16 Mar 2014),wanted_team/Mosh Packer,hash,uade,2,2659,
Mugician,"dmu,mug",Mugician player module V1.1 (29 Nov 2001),wanted_team/Mugician,hash,uade,2,4631,
MugicianII,"dmu2,mug2",Mugician II player module V1.7 [68020+] (3 May 2014),wanted_team/MugicianII,hash,uade,3,8876,
MultiMedia_Sound,"mms,sfx20",MultiMedia Sound (MMS.library V6.4) player module V1.0 (30 Sep 2007),wanted_team/MultiMedia_Sound,hash,uade,2,2809,
MusicAssembler,ma,Music-Assembler player module V0.1 for UADE (21.12.2001),uade/ma,hash,uade,1,163,
MusiclineEditor,ml,Musicline Editor DeliPlayer 1.02 ()K,other/musicline_editor,name,uade,13,7073,
MusicMaker-4V,"mm4,sdata",MusicMaker 4-channel player module (uade vesion) 5.0u (27 Nov 17),other/music_maker,hash,uade,2,12317,
MusicMaker-8V,mm8,MusicMaker 8-channel player module (uade vesion) 5.01u (27 Nov 17),other/music_maker,hash,uade,2,12317,
Nick_Pelling_Packer,npp,Nick Pelling Packer player module V1.0 (1 Nov 2009),wanted_team/Nick Pelling Packer,hash,uade,2,6811,
NoiseTracker,mod_ntkamp,NoiseTracker player module V1.3 (30 June 2003),wanted_team/NoiseTracker,hash,uade,3,5077,
NovoTradePacker,ntp,NovoTrade Packer player module V1.1 (24 Aug 2003),wanted_team/NovoTradePacker,name,uade,1,1324,
NTSP-system,two,NTSP-system player module V1.1 (21 Jan 2015),wanted_team/NTSP-system,hash,uade,2,487,
Octa-MED,octamed,MED/Octamed 8ch player for UADE (20231009),uade/med,hash,uade,10,16374,
Octa-MED-Ss,"mmd3,oss",Octamed Soundstudio player for UADE (20231009),uade/med,hash,uade,10,16374,
Oktalyzer,"okt,okta",Oktalyzer 1.56 Eagleplayer module V1.4 (Jan/30/94),,none,,0,0,
onEscapee,one,onEscapee player module V1.1 (12 Dec 2014),wanted_team/onEscapee,hash,uade,1,350,
Paul_Tonge,pat,Paul Tonge player module V1.0 (18 Dec 2011),wanted_team/Paul Tonge,hash,module,1,800,
PaulRobotham,dat,Paul Robotham player module V1.0 (31 May 2001),wanted_team/PaulRobotham,hash,uade,2,3855,
PaulShields,ps,Paul Shields player module V1.2 (4 Feb 2002),wanted_team/PaulShields,hash,uade,2,5054,
PaulSummers,snk,Paul Summers player module V1.2 (2 Nov 2003),wanted_team/PaulSummers,name,check,2,2418,
PeterVerswyvelen,pvp,Peter Verswyvelen Packer player module V1.1 (22 Aug 2002),wanted_team/PeterVerswyvelenPacker,hash,uade,2,2299,
PierreAdane,pap,Pierre Adane Packer player module V1.1 (22 Dec 2001),wanted_team/PierreAdanePacker,hash,uade,2,2198,
Pokeynoise,pn,POKEYNoise V0.25alpha,other/pokeynoise,name,uade,1,5849,
PreTracker,prt,PreTracker for UADE 0.1-1,uade/pretracker,hash,uade,1,132,
ProfessionalSoundArtists,psa,Professional Sound Artists player module V1.1 (21 Apr 2003),wanted_team/PSA,hash,uade,3,2898,
Protracker4,"ptm,mod3",Protracker 4.x Eagleplayer V1.0 (18-Apr-97),,none,,0,0,
PTK-Prowiz,"!pm!,40a,40b,41a,50a,60a,61a,ac1,ac1d,aval,chan,cp,cplx,crb,di,eu,fc-m,fcm,ft,fuz,fuzz,gv,hmc,hrt,hrt!,ice,it1,kef,kef7,krs,ksm,lax,mexxmp,mpro,np,np1,np2,noisepacker2,np3,noisepacker3,nr,nru,ntpk,p10,p21,p30,p40a,p40b,p41a,p4x,p50a,p5a,p5x,p60,p60a,p61,p61a,p6x,pha,pin,pm,pm0,pm01,pm1,pm10c,pm18a,pm2,pm20,pm4,pm40,pmz,polk,pp10,pp20,pp21,pp30,ppk,pr1,pr2,prom,pru,pru1,pru2,prun,prun1,prun2,pwr,pyg,pygm,pygmy,skt,skyt,snt,snt!,st2,st26,st30,star,stpk,tp,tp1,tp2,tp3,un2,unic,unic2,wn,xan,xann,zen",Protracker 3.0b player 2025-05-17,uade/tracker,hash,uade,8,19537,
PumaTracker,puma,PumaTracker player module V1.1 (12 Apr 2006),wanted_team/PumaTracker,hash,uade,3,3565,
QuadraComposer,"emod,qc",Quadracomposer 2.0 Eagleplayer V1.01 (Jul/24/94),,none,,0,0,
Quartet,qpa,Quartet player module V1.0 (31 Dec 2006),wanted_team/Quartet,hash,uade,2,3454,
Quartet_PSG,sqt,Quartet PSG player module V1.2 (30 Sep 2013),wanted_team/Quartet_PSG,hash,uade,1,1488,
Quartet_ST,qts,Quartet ST player module V1.2 (29 Aug 2009),wanted_team/QuartetST,hash,uade,1,1262,
RichardJoseph,rj,Richard Joseph player module V1.1 (1 Oct 2012),wanted_team/Richard Joseph,hash,module,1,924,
RichardJoseph_Player,rjp,Richard Joseph Player V1.7A module replayer V1.1 (3 May 2001),wanted_team/RichardJosephPlayer,hash,uade,3,4124,
RiffRaff,riff,Riff Raff player module V1.0 (3 Jan 2001),,none,,0,0,
RobHubbard,rh,Rob Hubbard player module V1.4 (7 July 2001),wanted_team/RobHubbard,hash,module,3,1773,
RobHubbard_ST,rho,Rob Hubbard ST player module V1.1 (29 July 2001),wanted_team/RobHubbard_ST,hash,module,2,779,
ScottJohnston,sj,,,none,,0,0,
SCUMM,scumm,SCUMM Player module V1.0 (25 Mar 95),,none,,0,0,
SeanConnolly,"s-c,scn",Sean Connolly player module V1.1 (29 Oct 1999),,none,,0,0,
SeanConran,scr,Sean Conran player module V1.2 (10 Nov 2003),wanted_team/SeanConran,hash,check,1,1388,
SIDMon1.0,"sid1,smn,sid",SIDMon 1.0 player module for UADE(23 Dec. 2001),uade/sidmon1,name,uade,1,256,
SIDMon2.0,sid2,Sidmon-II Eagleplayer V1.8 (30 Aug 93),,none,,0,0,
Sierra-AGI,agi,Sierra AGI player module V1.0 (14 Jan 2006),wanted_team/Sierra-AGI,hash,uade,3,4363,
Silmarils,mok,Silmarils player module V1.0 (22 Oct 2001),,none,,0,0,
SonicArranger,"sa,sonic,sa-p,lion,sa_old",Sonic Arranger 2.18 player module V1.0 (28 Feb 2009),wanted_team/Sonic_Arranger,hash,uade,1,3081,
SonixMusicDriver,"smus,snx,tiny",Sonix Music Driver player module V1.0 (9 June 2004),wanted_team/SonixMusicDriver,hash,uade,2,17905,
Sound-FX,"sfx,sfx13",SoundFX 1.0-1.8 player module V1.1 (15 Nov 2001),wanted_team/SoundFX,hash,uade,2,2749,
SoundControl,"sc,sct",Soundcontrol 3.0/3.2/4.0/5.0 player module V1.2 (25 Mar 2002),wanted_team/Soundcontrol,hash,uade,3,7627,
SoundFactory,psf,Soundfactory 1.0 player module V1.1 (12 Aug 2001),wanted_team/Soundfactory,hash,uade,2,4137,
SoundImages,tw,Sound Images (1 & 2) player module V1.1 (6 June 2000),,none,,0,0,
SoundMaster,"sm,sm1,sm2,sm3,smpro",Sound Master 1.0-3.0 player module V1.0 (25 Feb 2002),wanted_team/SoundMaster,hash,module,1,845,
SoundMon2.0,"bp,sndmon",SoundMon 2.0 player module (Jul 2004),uade/soundmon,name,uade,2,1724,
SoundMon2.2,bp3,SoundMon 2.2 player module (Jul 2004),uade/soundmon,name,uade,2,1724,
SoundPlayer,sjs,SoundPlayer V4.05 replayer module V1.0 (2 Mar 2003),wanted_team/SoundPlayer,hash,uade,2,3581,
SoundProgrammingLanguage,spl,Sound Programming Language player module V1.0 (14 Dec 2000),,none,,0,0,
Soundtracker-IV,mod15_st-iv,Soundtracker IV player 2025-11-05,uade/tracker,hash,uade,8,19537,
Special-FX,jd,Special FX player module V1.1 (25 Mar 2007),wanted_team/SpecialFX,hash,module,2,2088,
Special-FX_ST,doda,Special FX ST player module V1.3 (5 May 2013),wanted_team/SpecialFX_ST,hash,uade,1,2827,
SpeedyA1System,sas,Speedy A1 System player module V1.0 (16 Nov 2000),,none,,0,0,
SpeedySystem,ss,Speedy System player module V1.0 (5 Nov 2000),,none,,0,0,
SteveBarrett,sb,Steve Barrett player module V1.1 (11 Dec 2002),wanted_team/SteveBarrett,hash,module,3,1569,
SteveTurner,"jpo,jpold",Steve Turner player module V1.3 (17 June 2001),wanted_team/SteveTurner,hash,uade,2,3035,
SUN-Tronic,sun,SUNtronic player module V1.0 (20 Apr 97),wanted_team/suntronic,hash,uade,1,494,
Synth,syn,Synthesis Replayer V4.0 player module V1.1 (04 Dec 94),,none,,0,0,
SynthDream,sdr,Synth Dream player module V1.1 (28 Apr 2007),wanted_team/SynthDream,hash,uade,2,4835,
SynthPack,osp,Synth Pack player module V1.1 (20 Jun 2000),wanted_team/Synth Pack,hash,,0,0,
SynTracker,"st,synmod",Syntracker V1.70 Replayer-Module 1.0 (18.07.1993),,none,,0,0,
TCB_Tracker,tcb,TCB Tracker player module V1.2 (15 Aug 2009),wanted_team/TCB Tracker,hash,uade,2,2539,
TFMX,tfmx1.5,TFMX player module V1.3 (9 Feb 2002),wanted_team/TFMX,hash,check,2,2972,
TFMX-7V,tfmx7V,TFMX 7V player module V1.3 (6 May 2010),wanted_team/TFMX-7V,hash,uade,1,5245,
TFMX-7V-TFHD,tfhd7V,TFMX_7V Eagleplayer V2.35 (8 Aug 1995),,none,,0,0,same format as TFMX-7V (has source)
TFMX-Pro,"mdat,tfmxpro",TFMX Pro player module V1.4 (16 June 2009),wanted_team/TFMX-Pro,hash,uade,1,4923,
TFMX-Pro-TFHD,"tfhdpro,tfmx",TFMX Pro Eagleplayer V2.36 (8 Aug 1995),,none,,0,0,same format as TFMX-Pro (has source)
TFMX-TFHD,,TFMX 1.6 player module V1.9 (10 April 95),,none,,0,0,same format as TFMX (has source)
TFMX_ST,mdst,TFMX ST player module V1.0 (10 May 2007),wanted_team/TFMX_ST,hash,uade,1,3435,
TheMusicalEnlightenment,tme,The Musical Enlightenment 2.0 player module V1.2 (17 Feb 2002),wanted_team/TME,hash,uade,3,3163,
ThomasHermann,thm,Thomas Hermann player module V1.1 (1 Feb 2002),wanted_team/ThomasHermann,hash,uade,1,2142,
TimeTracker,tmk,TimeTracker player module V1.0 (7 Mar 2014),wanted_team/TimeTracker,hash,uade,2,4628,
TimFollin,tf,a player for the famous DeliTracker,other/timfollin,name,uade,2,956,
Titanics_Packer,tits,Titanics Packer player module V1.0 (20 Mar 2014),wanted_team/Titanics Packer,hash,uade,2,2047,
TomyTracker,sg,Tomy Tracker player module V1.1 (17 Jan 2003),wanted_team/TomyTracker,hash,uade,2,2277,
Tronic,"dp,trc,tro,tronic,tron",TronicTracker(?) replay module V1.1 (12-Apr-93 & 17-Apr-93),defect/tronic,name,uade,1,769,
UFO,"mus,ufo",UFO player module V1.0 (13 Dec 2009),wanted_team/UFO,hash,uade,2,3238,
UltimateSoundtracker,mod15_ust,Ultimate Soundtracker player 2025-05-01,uade/tracker,hash,uade,8,19537,
VoodooSupremeSynthesizer,vss,Voodoo Supreme Synthesizer player module V1.5 (31 May 95),,none,,0,0,
WallyBeben,wb,Wally Beben player module V1.0 (15 Dec 2002),wanted_team/WallyBeben,hash,module,1,1050,
YM-2149,"ym,ymst",YMST Player 1.52c,,none,,0,0,
ZoundMonitor,sng,ZoundMonitor player module V1.0 (29 Sep 2014),wanted_team/ZoundMonitor,hash,uade,2,1971,
